x,y,z
0.045903315,0.02595879,1.06E-05
0.042561154,0.040035402,1.92E-05
0.031703973,0.034907928,1.61E-05
0.03496553,0.013827052,2.93E-06
0.039560406,0.009104315,0
0.05,0.009166416,0
0.047907714,0.020667431,7.09E-06
0.049097366,0.020439659,5.28E-06
0.051134832,0.001971321,1.62E-05
0.05,0.001631733,0
0.036735736,0.056144563,2.32E-05
0.035556477,0.060481328,2.53E-05
0.031629319,0.059222999,2.47E-05
0.049138891,0.023045695,1.09E-05
0.04801838,0.041707385,2.51E-05
0.050332097,0.020574313,7.69E-06
0.056898015,0.022498347,9.84E-05
0.06439129,0.025336527,2.09E-04
0.060367013,0.029435372,1.48E-04
0.064316311,0.02339527,2.04E-04
0.048264929,0.047762738,3.74E-05
0.047635081,0.062427567,5.10E-05
0.050696033,0.023808182,2.33E-05
0.051538758,0.042095351,5.15E-05
0.065844581,0.05437092,2.68E-04
0.045361117,0.111965566,1.02E-04
0.045266932,0.114300576,1.04E-04
0.04424409,0.113656472,1.02E-04
0.046282489,0.08213485,1.08E-04
0.050220838,0.086397531,1.32E-04
0.050209395,0.082181943,1.25E-04
0.050227824,0.089079125,1.36E-04
0.046732431,0.089610654,1.25E-04
0.05313055,0.086847049,1.77E-04
0.045612354,1.195843576,2.61E-05
0.046662814,1.206544637,1.99E-05
0.039706917,1.199836672,2.38E-05
0.046955199,1.21399013,1.03E-05
0.049110073,1.232276837,3.01E-06
0.038108412,1.217837385,8.77E-06
0.045230205,1.180107008,4.50E-05
0.045586343,1.184720042,4.17E-05
0.042491506,1.182832669,4.30E-05
0.066527292,0.132590196,2.43E-04
0.066521037,0.132538863,2.43E-04
0.066095623,0.132841175,2.41E-04
0.066531625,0.132627344,2.43E-04
0.066562642,0.132570343,2.44E-04
0.066568271,0.132612506,2.44E-04
0.049534549,1.208783292,2.35E-05
0.049305361,1.193146054,3.50E-05
0.058309434,1.194486864,1.46E-04
0.049869649,1.213882981,1.43E-05
0.049967887,1.233436921,3.51E-06
0.050725151,1.158185052,8.78E-05
0.040355423,1.160699525,6.67E-05
0.050790289,1.150480817,9.57E-05
0.056817477,1.155300317,1.69E-04
0.050836788,1.144812548,1.01E-04
0.047327649,1.142681623,9.61E-05
0.058079159,1.144116832,1.75E-04
0.051334725,1.170714421,5.61E-05
0.051054271,1.185669881,4.43E-05
0.055993979,1.177518657,9.79E-05
0.055076975,1.187366643,8.29E-05
0.051290781,1.23174092,1.29E-05
0.054659841,1.210630419,4.65E-05
0.068917652,1.210845272,1.32E-04
0.066055854,1.180142256,1.91E-04
0.027558915,0.080307606,2.39E-05
0.031355311,0.069689481,2.71E-05
0.014945264,0.070732651,9.64E-06
0.01152109,0.072560551,6.11E-06
0.011525353,0.070977749,5.82E-06
0.052920695,0.001585986,2.13E-05
0.050838162,8.62E-04,8.64E-06
0.011158365,0.15563636,1.75E-05
0.011146402,0.143210948,1.58E-05
0.018910519,0.149090649,2.34E-05
0.011949316,0.176619426,1.75E-05
0.01692827,0.157748337,2.13E-05
0.011265068,0.176292028,1.70E-05
0.011269304,0.177464351,1.72E-05
0.026723967,0.109631457,3.17E-05
0.024717724,0.111445996,3.10E-05
0.023333419,0.106918212,2.83E-05
0.028208677,0.106320747,3.32E-05
0.027762063,0.097164279,3.03E-05
0.028355742,0.108928267,3.32E-05
0.011280765,0.100086517,9.58E-06
0.011517094,0.072974978,6.16E-06
0.027414045,0.082903896,2.41E-05
0.011224436,0.105610742,9.99E-06
0.011117915,0.126706546,1.27E-05
0.066261633,0.021912181,2.03E-04
0.065166714,0.024932291,2.15E-04
0.072708726,0.012832994,1.55E-04
0.086258297,0.013136261,1.24E-04
0.030905015,0.124461103,4.89E-05
0.029317678,0.128908795,4.68E-05
0.029787875,0.11723054,4.33E-05
0.030039552,0.08338879,3.37E-05
0.042141399,0.080017041,7.47E-05
0.038178526,0.069292675,5.15E-05
0.034817094,0.094143785,4.85E-05
0.043760242,0.142616443,1.39E-04
0.043466655,0.076928137,7.94E-05
0.067211822,0.052175506,2.75E-04
0.067007904,0.040877312,2.54E-04
0.066919108,0.026593039,2.12E-04
0.087192924,0.014510736,1.24E-04
0.087205881,0.013162424,1.21E-04
0.042503172,0.109708445,9.55E-05
0.047572003,0.130700587,1.42E-04
0.037051369,0.120695578,7.55E-05
0.044374634,0.115684731,1.05E-04
0.011967743,0.177333392,1.77E-05
0.032215752,0.126262674,5.29E-05
0.048296511,0.141535609,1.55E-04
0.030663664,0.182231906,6.68E-05
0.035664292,0.183079806,8.69E-05
0.032394154,0.188612077,7.29E-05
0.016134552,0.212281102,2.68E-05
0.011503926,0.215849254,2.43E-05
0.011342266,0.20539239,2.31E-05
0.022512037,0.21058574,4.84E-05
0.012693567,0.179058613,2.06E-05
0.032085795,0.197033535,7.78E-05
0.009376628,0.237871927,2.04E-05
0.015429692,0.27616705,3.52E-05
0.011627669,0.278658416,3.12E-05
0.01168736,0.273591015,3.09E-05
0.015646042,0.278864537,3.58E-05
0.016867908,0.270944337,4.18E-05
0.009776991,0.25456044,2.32E-05
0.018072421,0.276993814,5.01E-05
0.01136462,0.308036256,3.31E-05
0.012745991,0.308148859,3.46E-05
0.011340955,0.309617293,3.32E-05
0.01231538,0.308962123,3.38E-05
0.016297219,0.58802981,5.50E-05
0.011377475,0.593483785,3.98E-05
0.011963219,0.583772961,4.14E-05
0.019494462,0.570655314,6.26E-05
0.011928842,0.562130897,3.86E-05
0.048596088,1.233507514,9.60E-07
0.049686758,1.234105239,1.30E-06
0.012009308,1.162217371,1.68E-05
0.011946069,1.135882929,2.32E-05
0.024868596,1.147614691,2.85E-05
0.012662719,1.163083569,1.70E-05
0.013630573,1.163817176,1.78E-05
0.031526472,1.162828538,3.31E-05
0.050287028,0.162781927,1.66E-04
0.051367269,0.162027196,1.69E-04
0.051520985,0.162931146,1.71E-04
0.050695761,0.152073949,1.68E-04
0.052320354,0.163031046,1.80E-04
0.051885553,0.162148091,1.69E-04
0.052987168,0.161409886,1.85E-04
0.032301605,0.124541444,5.30E-05
0.068215066,0.052303654,2.80E-04
0.071332272,0.051913283,2.70E-04
0.086936123,0.045143711,1.91E-04
0.033297463,0.125582008,5.69E-05
0.049260142,0.14074608,1.58E-04
0.066552132,0.132669412,2.44E-04
0.0550761,0.065472115,7.21E-05
0.068385752,0.054952873,2.80E-04
0.06835259,0.079903729,2.69E-04
0.086427195,0.086415018,2.00E-04
0.086685849,0.086086536,1.98E-04
0.083362209,0.080603316,2.14E-04
0.086211137,0.086755117,2.01E-04
0.08668041,0.086694394,1.98E-04
0.086676385,0.087123615,1.98E-04
0.086306705,0.087311638,2.00E-04
0.058048144,0.104319835,1.17E-04
0.067835873,0.095385999,2.63E-04
0.066309085,0.108193432,2.53E-04
0.053786245,0.163595056,1.87E-04
0.038942817,0.19046648,1.19E-04
0.052010645,0.16522881,1.77E-04
0.052864122,0.198344312,1.74E-04
0.04178831,0.205729302,1.11E-04
0.061152459,0.185704603,2.22E-04
0.060847403,0.197072897,2.14E-04
0.010877078,0.242385193,2.57E-05
0.009186916,0.244393584,2.03E-05
0.031201932,0.215276965,7.29E-05
0.044385665,0.233036839,1.41E-04
0.046701327,0.229409223,1.48E-04
0.011995046,0.529723594,4.07E-05
0.015155614,0.528201259,4.99E-05
0.012011225,0.524923344,4.08E-05
0.025642373,0.471176824,8.47E-05
0.012028602,0.447219306,3.84E-05
0.012064298,0.463319243,3.93E-05
0.025234857,0.474261072,8.34E-05
0.012079052,0.483053651,4.01E-05
0.012099258,0.494288492,4.00E-05
0.013525164,0.309243616,3.88E-05
0.014752352,0.312801802,4.34E-05
0.011368107,0.322140905,3.35E-05
0.023094675,0.419020926,6.97E-05
0.011969166,0.432752026,3.70E-05
0.011715008,0.411732118,3.62E-05
0.011639502,0.401406402,3.53E-05
0.023877152,0.407419871,7.13E-05
0.032125023,0.29773034,9.74E-05
0.032180594,0.297632703,9.78E-05
0.032158441,0.297860722,9.77E-05
0.032111347,0.298348796,9.76E-05
0.012663136,0.24806621,3.16E-05
0.033480703,0.262902145,8.83E-05
0.03941514,0.273915158,1.15E-04
0.044683237,0.237501705,1.42E-04
0.044143808,0.261563522,1.46E-04
0.032538917,0.297607731,9.93E-05
0.050156936,0.282030832,1.66E-04
0.013613027,0.33963566,4.07E-05
0.011385962,0.340384608,3.29E-05
0.011397364,0.343299673,3.32E-05
0.03233994,0.331174253,9.68E-05
0.026749533,0.472296804,8.74E-05
0.030262729,0.545580239,9.91E-05
0.027893191,0.547168825,9.31E-05
0.02872787,0.543806348,9.55E-05
0.029858048,0.549867496,9.93E-05
0.011978792,0.536131536,4.13E-05
0.030705025,0.542906241,1.01E-04
0.029518028,0.509137449,9.56E-05
0.028149036,0.482018836,9.25E-05
0.032503221,0.50825789,1.04E-04
0.032516213,0.511111103,1.04E-04
0.034210679,0.512541835,1.12E-04
0.032143667,0.542867068,1.07E-04
0.013436171,0.628361213,4.64E-05
0.012183393,0.629899446,4.32E-05
0.011867273,0.627163372,4.24E-05
0.013632216,0.631803726,4.74E-05
0.012219876,0.633686761,4.35E-05
0.017638102,0.657823431,5.61E-05
0.012400397,0.661818906,4.20E-05
0.014257874,0.629935596,4.95E-05
0.033023783,0.54651087,1.10E-04
0.047265593,0.533197229,1.49E-04
0.050792923,0.551711933,1.60E-04
0.027818913,0.57461706,8.55E-05
0.041321804,0.578612994,1.25E-04
0.05076885,0.583194371,1.53E-04
0.052060758,0.569631775,1.60E-04
0.029757062,0.604381539,9.29E-05
0.023664853,0.601749464,7.72E-05
0.029178338,0.592523692,9.44E-05
0.03476977,0.600565619,1.13E-04
0.037977708,0.61186357,1.20E-04
0.022139682,0.625212351,7.31E-05
0.039939476,0.61777839,1.23E-04
0.044372877,0.605305831,1.36E-04
0.02320503,0.937070211,6.95E-05
0.011958967,0.948305506,4.00E-05
0.011805374,0.925808728,4.07E-05
0.050088283,1.234060655,2.08E-06
0.022067623,0.966543596,7.13E-05
0.011997398,0.957752184,4.01E-05
0.009621113,0.983159504,3.37E-05
0.019807399,0.978170663,6.48E-05
0.025201312,0.972374548,7.99E-05
0.027908146,0.972756479,8.27E-05
0.027942234,0.970669337,8.40E-05
0.027845818,0.965378165,8.73E-05
0.029318209,0.97381298,8.99E-05
0.029808816,0.969763095,9.37E-05
0.009546072,0.989610008,3.31E-05
0.035155577,1.166297067,3.91E-05
0.032340299,1.174573927,2.95E-05
0.040017722,1.174497063,4.50E-05
0.035006179,1.163015835,4.05E-05
0.030483504,1.146877175,4.11E-05
0.033476387,1.126385766,6.11E-05
0.028457081,1.123557013,5.74E-05
0.033440649,1.120653133,6.45E-05
0.035853481,1.12239288,6.60E-05
0.039644094,1.136244809,5.54E-05
0.035455693,1.120258952,6.68E-05
0.011961022,1.127869856,2.46E-05
0.02294876,1.119834353,3.76E-05
0.011948872,1.107216107,2.78E-05
0.011914843,1.049570045,3.52E-05
0.011934209,1.055417482,3.45E-05
0.016151426,1.053399071,3.88E-05
0.009851063,1.029190248,3.20E-05
0.015438024,1.049499558,3.78E-05
0.011944472,1.091655368,3.04E-05
0.020500934,1.090250765,3.75E-05
0.023606765,1.108315793,3.70E-05
0.034687648,1.117992067,6.72E-05
0.011917207,1.079155047,3.21E-05
0.015976004,1.0583498,3.82E-05
0.018710446,1.083218549,3.83E-05
0.039076274,1.070392871,1.11E-04
0.033291567,1.060029375,9.56E-05
0.062340837,1.188390246,1.72E-04
0.04000563,1.148769268,8.02E-05
0.037805491,1.166097628,4.91E-05
0.060704739,1.163543935,1.90E-04
0.062099332,1.171234476,1.89E-04
0.064802307,1.198728291,1.66E-04
0.069354577,1.190927408,1.86E-04
0.05080774,1.234012666,3.19E-06
0.071336989,1.221895025,9.54E-05
0.074850649,1.199020281,1.53E-04
0.083374549,1.221628798,7.77E-05
0.087262741,1.216027573,8.60E-05
0.087346717,1.221526917,7.05E-05
0.079983074,0.131263001,2.00E-04
0.066685062,0.132668455,2.43E-04
0.086653755,0.090495161,1.97E-04
0.066458462,0.159259494,2.33E-04
0.068055187,0.170752957,2.34E-04
0.081221656,0.148559372,1.93E-04
0.084105602,0.141061851,1.90E-04
0.086318801,0.137889032,1.80E-04
0.083875241,0.194238627,1.64E-04
0.084700039,0.196490554,1.60E-04
0.086011411,0.187494254,1.59E-04
0.084765268,0.199293262,1.59E-04
0.085945884,0.1973445,1.55E-04
0.085955618,0.195818847,1.55E-04
0.062955884,0.22193542,1.97E-04
0.052868705,0.229234343,1.66E-04
0.062568921,0.217280669,1.98E-04
0.06580609,0.223230208,2.10E-04
0.064594614,0.220794035,2.09E-04
0.06566801,0.217136519,2.13E-04
0.046220879,0.234165668,1.46E-04
0.059119568,0.251642144,1.80E-04
0.065983021,0.264677161,2.00E-04
0.065848189,0.261371267,1.99E-04
0.066548847,0.262578396,2.02E-04
0.067021777,0.259918934,2.04E-04
0.066860096,0.261864479,2.03E-04
0.085299231,0.245919749,1.42E-04
0.085471268,0.246296703,1.41E-04
0.085577928,0.245958545,1.41E-04
0.085575527,0.2463212,1.40E-04
0.038610069,0.504117461,1.24E-04
0.027054599,0.471103292,8.89E-05
0.019455507,0.441534352,5.97E-05
0.030977468,0.426708914,9.34E-05
0.031625521,0.444884891,9.52E-05
0.040814671,0.452090181,1.31E-04
0.027189302,0.472996468,8.92E-05
0.043143682,0.465152684,1.36E-04
0.048078746,0.492523967,1.50E-04
0.032625945,0.298085255,9.95E-05
0.052284723,0.319484026,1.70E-04
0.016034957,0.348650876,4.86E-05
0.01145141,0.370892322,3.43E-05
0.019343556,0.373348089,6.04E-05
0.011471416,0.376790676,3.44E-05
0.021813782,0.389794273,6.89E-05
0.031295108,0.392462,9.72E-05
0.03208912,0.377063717,9.58E-05
0.032724179,0.354408561,9.95E-05
0.032941603,0.369831329,9.92E-05
0.047410133,0.357508315,1.48E-04
0.045722647,0.364528398,1.43E-04
0.048802048,0.433315341,1.49E-04
0.0478018,0.430107536,1.46E-04
0.049897025,0.435319931,1.54E-04
0.038514552,0.384108686,1.21E-04
0.052845471,0.436165337,1.60E-04
0.051105466,0.432836896,1.59E-04
0.050576543,0.431892497,1.56E-04
0.050368472,0.428989175,1.54E-04
0.031158288,0.414218499,9.16E-05
0.044060385,0.403782915,1.33E-04
0.057554032,0.292927743,1.86E-04
0.060258699,0.314387902,1.90E-04
0.084344751,0.304477765,1.28E-04
0.077037772,0.285660558,1.60E-04
0.085468897,0.261195912,1.37E-04
0.060394847,0.289342775,1.88E-04
0.084671693,0.304082583,1.28E-04
0.049781388,0.36282889,1.54E-04
0.050137006,0.360507159,1.54E-04
0.061127746,0.321409547,1.93E-04
0.084522578,0.305248826,1.28E-04
0.050154,0.498206138,1.56E-04
0.047645736,0.525488124,1.48E-04
0.058509301,0.513412084,1.72E-04
0.059271165,0.517467898,1.73E-04
0.059527167,0.519190711,1.74E-04
0.05986491,0.516396686,1.75E-04
0.06007902,0.5172127,1.76E-04
0.052836061,0.492007693,1.60E-04
0.051582593,0.467950112,1.55E-04
0.06460129,0.470062951,1.82E-04
0.029048262,0.914061405,9.46E-05
0.028682037,0.909402807,9.35E-05
0.011772892,0.91305883,4.09E-05
0.01159754,0.893811764,4.01E-05
0.017254874,0.887365497,5.53E-05
0.016055019,0.7328007,5.43E-05
0.019389002,0.75808463,6.40E-05
0.011407528,0.765611808,3.96E-05
0.012074442,0.732701665,4.22E-05
0.012189875,0.729686109,4.26E-05
0.013976145,0.729272049,4.70E-05
0.012412947,0.726718105,4.33E-05
0.016046267,0.690096047,5.38E-05
0.012458102,0.693198718,4.41E-05
0.012437239,0.684901764,4.40E-05
0.024000992,0.706960522,7.90E-05
0.029744839,0.712258382,9.33E-05
0.029157568,0.725924239,9.42E-05
0.030327362,0.704406256,9.66E-05
0.028678944,0.67110694,9.45E-05
0.031736678,0.66977977,1.03E-04
0.033189408,0.674424027,1.07E-04
0.034718601,0.671196156,1.15E-04
0.037730434,0.645695008,1.19E-04
0.042160851,0.640700947,1.33E-04
0.043497893,0.648625856,1.42E-04
0.041499104,0.625002225,1.31E-04
0.053862025,0.639945841,1.62E-04
0.084624103,0.542676347,1.16E-04
0.083209395,0.543853156,1.16E-04
0.084542609,0.543643753,1.15E-04
0.085121911,0.543759035,1.15E-04
0.085120656,0.542561008,1.15E-04
0.067691673,0.606666256,1.19E-04
0.0817266,0.600005153,1.15E-04
0.083206155,0.60131805,1.20E-04
0.077886005,0.611937616,1.33E-04
0.080142745,0.593762975,1.20E-04
0.083571121,0.59786061,1.21E-04
0.083712474,0.599463184,1.20E-04
0.085177382,0.602318543,1.18E-04
0.084313999,0.600469026,1.21E-04
0.085186553,0.598836284,1.18E-04
0.04390033,0.6163642,1.36E-04
0.061564977,0.633512381,1.79E-04
0.042278717,0.616852424,1.31E-04
0.031863671,0.912002367,1.02E-04
0.031610327,0.909991328,1.01E-04
0.036072403,0.911671314,1.15E-04
0.052643013,0.91879979,1.66E-04
0.054841842,0.911889482,1.77E-04
0.057393577,0.919518486,1.85E-04
0.033638187,0.943332888,1.04E-04
0.020910689,0.951540233,6.88E-05
0.039458911,0.95063828,1.23E-04
0.040978603,0.940411674,1.35E-04
0.032358446,0.91755673,1.05E-04
0.045533471,0.94243573,1.53E-04
0.045073558,0.965137481,1.36E-04
0.042858126,0.979118527,1.22E-04
0.05691585,0.960198476,1.81E-04
0.059563076,0.96402009,1.88E-04
0.059692498,0.953915134,1.88E-04
0.048153627,0.990312463,1.53E-04
0.017775716,0.991458492,5.81E-05
0.009148276,1.018673743,3.05E-05
0.012583313,1.016505184,4.10E-05
0.032063023,1.002453441,9.04E-05
0.035287502,0.992678053,1.03E-04
0.03959285,0.99814607,1.25E-04
0.022070248,1.047567059,6.11E-05
0.037694759,1.016557985,1.09E-04
0.017354028,1.019476182,5.47E-05
0.03933332,1.026596199,1.13E-04
0.040889643,1.018673196,1.20E-04
0.048121118,1.020696702,1.53E-04
0.042034999,1.013123486,1.30E-04
0.010042085,1.021106555,3.33E-05
0.009132491,1.020643882,3.04E-05
0.036867453,1.040029527,9.93E-05
0.010104214,1.01977363,3.34E-05
0.039714064,1.116255091,8.74E-05
0.038545245,1.106451189,9.13E-05
0.046483738,1.130559736,9.18E-05
0.046149045,1.114414367,1.12E-04
0.050912172,1.128924932,9.72E-05
0.055276913,1.122342971,1.72E-04
0.060265447,1.13066226,1.93E-04
0.044639622,1.111935498,1.05E-04
0.039655259,1.045717211,1.07E-04
0.047340781,1.065788474,1.35E-04
0.045002622,1.107310256,1.10E-04
0.039443152,1.08734451,9.77E-05
0.044214189,1.086894913,1.09E-04
0.041410601,1.093962195,9.78E-05
0.048148358,1.096061696,1.36E-04
0.047118922,1.072458628,1.34E-04
0.045602005,1.090384866,1.01E-04
0.051403613,1.090119732,1.62E-04
0.057775338,1.056233346,1.94E-04
0.051071063,1.068452609,1.48E-04
0.061579886,1.084592748,2.01E-04
0.062406883,1.063222322,2.04E-04
0.06865451,1.083189154,1.98E-04
0.0714656,1.129262146,2.18E-04
0.065636449,1.122880405,1.97E-04
0.070067113,1.122335,2.10E-04
0.074794711,1.120443661,2.06E-04
0.065099543,1.163769847,1.99E-04
0.071965817,1.176055485,2.04E-04
0.070010039,1.145501376,2.19E-04
0.081954651,1.154257028,1.75E-04
0.078080373,1.135638948,1.93E-04
0.076918295,1.181711578,1.85E-04
0.08695851,1.19179498,1.35E-04
0.086583349,1.158986529,1.57E-04
0.08628377,0.145823958,1.79E-04
0.085164062,0.304026315,1.27E-04
0.074081016,0.499954363,1.41E-04
0.083982344,0.48688011,1.17E-04
0.085031658,0.510785454,1.14E-04
0.050279789,0.455018364,1.53E-04
0.064969284,0.458122027,1.84E-04
0.084255968,0.48589569,1.16E-04
0.084703277,0.48662221,1.16E-04
0.083949152,0.365033275,1.21E-04
0.08428361,0.36561088,1.22E-04
0.082584509,0.366808942,1.20E-04
0.075596743,0.363861071,1.28E-04
0.082653594,0.360015049,1.27E-04
0.083745471,0.363803616,1.21E-04
0.084193935,0.364442944,1.22E-04
0.08498633,0.332900331,1.23E-04
0.084867102,0.365158773,1.20E-04
0.084797772,0.363944702,1.21E-04
0.052808344,0.40179995,1.54E-04
0.050663116,0.365192657,1.55E-04
0.082220694,0.426508014,1.19E-04
0.079683959,0.423138252,1.19E-04
0.08142971,0.432602779,1.28E-04
0.082999546,0.427737828,1.22E-04
0.083474711,0.425776318,1.22E-04
0.084894881,0.471973365,1.15E-04
0.084696963,0.428098127,1.20E-04
0.084874008,0.425152317,1.19E-04
0.085156056,0.305096191,1.28E-04
0.084962512,0.487182029,1.15E-04
0.05674582,0.905099486,1.83E-04
0.016731404,0.870147647,5.38E-05
0.011583437,0.876948913,3.99E-05
0.01036173,0.861197297,3.66E-05
0.016073384,0.830039725,5.27E-05
0.01101981,0.835529872,3.92E-05
0.011280363,0.828660044,3.99E-05
0.019258718,0.854362281,6.03E-05
0.034973942,0.900871065,1.13E-04
0.036391095,0.874004436,1.15E-04
0.041932083,0.87658369,1.27E-04
0.042300544,0.870989627,1.29E-04
0.041235422,0.863758914,1.30E-04
0.049367306,0.877793709,1.62E-04
0.046101532,0.872941131,1.51E-04
0.04557161,0.867988169,1.47E-04
0.022285054,0.773362261,7.37E-05
0.011186087,0.775354653,3.94E-05
0.026409693,0.782911552,8.59E-05
0.01041071,0.796272304,3.57E-05
0.030314828,0.740117786,9.37E-05
0.03088125,0.748588862,9.79E-05
0.031572785,0.773765161,1.02E-04
0.045112132,0.761492037,1.43E-04
0.023945762,0.805084357,8.02E-05
0.01109372,0.820692125,3.96E-05
0.025479266,0.81149599,8.49E-05
0.030167247,0.792997217,9.91E-05
0.029541185,0.806247746,9.33E-05
0.029859972,0.813441331,9.64E-05
0.030319488,0.780197406,9.63E-05
0.040259773,0.716811916,1.30E-04
0.049812971,0.727817227,1.55E-04
0.048373548,0.739476699,1.53E-04
0.034872365,0.708524138,1.16E-04
0.041243094,0.678767186,1.32E-04
0.042280807,0.697350056,1.34E-04
0.05123038,0.688811962,1.58E-04
0.057455406,0.722841837,1.78E-04
0.054552114,0.69285458,1.69E-04
0.056477605,0.709429419,1.78E-04
0.063124245,0.887933755,2.00E-04
0.055781334,0.667887388,1.67E-04
0.056401979,0.683479012,1.71E-04
0.062079011,0.647606396,1.78E-04
0.063053439,0.667162797,1.89E-04
0.070228786,0.677422233,1.77E-04
0.062292512,0.639959549,1.84E-04
0.070267518,0.644258138,1.56E-04
0.078360426,0.656522108,1.45E-04
0.084924138,0.663623654,1.33E-04
0.085007308,0.650003713,1.34E-04
0.070312185,0.910523565,1.57E-04
0.079844255,0.902453802,1.56E-04
0.061358679,0.960395871,1.92E-04
0.066217585,0.930531231,2.09E-04
0.080220799,0.911855421,1.56E-04
0.084420789,0.959657744,1.42E-04
0.079050079,0.9610287,1.53E-04
0.084439069,0.960841218,1.42E-04
0.084116921,0.961975643,1.44E-04
0.084270009,0.960384734,1.42E-04
0.084886198,0.956184553,1.41E-04
0.084906591,0.960872702,1.41E-04
0.084902678,0.960187332,1.41E-04
0.061304684,0.962592805,1.93E-04
0.054384232,0.999212043,1.66E-04
0.060329584,1.020108113,1.93E-04
0.06132896,0.965892635,1.92E-04
0.066167086,0.996711485,2.07E-04
0.078061731,1.002492743,1.69E-04
0.068172435,1.018699705,1.74E-04
0.082344689,1.013301779,1.68E-04
0.070920465,1.036808159,1.82E-04
0.080036406,1.009198344,1.70E-04
0.085219131,1.015178521,1.52E-04
0.085142501,1.00572834,1.50E-04
0.041792491,1.038715719,1.13E-04
0.058517622,1.025043745,1.90E-04
0.060572146,1.04997364,2.02E-04
0.062308825,1.053148068,2.06E-04
0.056853378,1.103015657,1.62E-04
0.06018266,1.113770691,1.89E-04
0.047248697,1.11109719,1.14E-04
0.064081138,1.105508429,2.07E-04
0.062263844,1.09456161,2.03E-04
0.07266539,1.100019315,1.99E-04
0.06753823,1.055224823,1.92E-04
0.085671779,1.075606143,1.61E-04
0.085450886,1.054337752,1.60E-04
0.086361624,1.141233535,1.63E-04
0.085889559,1.102948907,1.68E-04
0.08646641,1.149904408,1.66E-04
0.084958014,0.486315028,1.15E-04
0.078436874,0.862274274,1.57E-04
0.059295061,0.865452596,1.44E-04
0.042266916,0.834507037,1.28E-04
0.067702087,0.844324634,1.48E-04
0.049673152,0.836397161,1.56E-04
0.04050064,0.807741765,1.32E-04
0.052507994,0.816487594,1.67E-04
0.080016911,0.853926237,1.58E-04
0.037005962,0.778398315,1.16E-04
0.055079629,0.798996703,1.73E-04
0.0532176,0.769022794,1.65E-04
0.068725844,0.785943147,1.63E-04
0.068314542,0.763410634,1.51E-04
0.058131876,0.733932448,1.82E-04
0.053122798,0.76029948,1.67E-04
0.073944311,0.744255268,1.48E-04
0.055858758,0.804674131,1.78E-04
0.076397312,0.793489869,1.69E-04
0.052548832,0.806950359,1.67E-04
0.066656228,0.721632932,1.65E-04
0.060480575,0.69123781,1.60E-04
0.071343981,0.706547653,1.57E-04
0.086428493,0.723098177,1.24E-04
0.084672315,0.697896334,1.47E-04
0.08466769,0.903001035,1.48E-04
0.084474963,0.858383888,1.47E-04
0.084718307,0.910829628,1.48E-04
0.058800351,0.809356775,1.72E-04
0.084430061,0.846369937,1.48E-04
0.084329569,0.804113156,1.55E-04
0.084343819,0.78432713,1.53E-04
0.086671878,0.749939293,1.32E-04
0.019502439,0.017119447,1.96E-06
0.022472417,0.009124742,0
0.010482497,0.009124742,0
0.017070866,0.021319767,1.09E-06
0,0.009264543,0
0.005468333,0.037535452,2.52E-06
0.021650059,0.020098134,6.92E-06
0.020878781,0.03701949,2.47E-06
0.033837361,0.014383818,1.29E-06
0.03456236,0.013357108,1.52E-06
0.032393372,0.009104315,0
0.034719673,0.016501484,4.67E-06
0.001880495,0.033528698,2.91E-06
0,0.031688999,0
0.001983849,0.0374502,4.21E-06
0.003752763,0.063930157,7.97E-06
0,0.060658497,0
0,0.036927327,0
0.031841671,0.052327129,2.14E-05
0.02405226,0.052733264,2.16E-05
0.010988008,0.176412767,1.71E-05
0.011029676,0.177188565,1.72E-05
0.010024797,0.176555373,1.56E-05
0.008091188,0.14465025,1.75E-05
0.008537991,0.153378193,1.85E-05
0,0.149036161,0
0,0.145529123,0
0.004487405,0.165078021,9.71E-06
0,0.156724463,0
0.003863361,0.073269989,8.90E-06
0.005027544,0.094196,1.16E-05
0,0.090676763,0
0,0.072633238,0
0.005254132,0.105333084,1.23E-05
0,0.104512131,0
0.006049444,0.121733507,1.41E-05
0,0.117961931,0
0.093540371,0.003057694,4.10E-05
0.092912187,-1.39E-17,0
0.074497156,0.00430916,4.31E-05
0.075901023,-2.78E-17,0
0.1,-1.39E-17,0
0.098642524,0.001396554,1.39E-05
0.1,0.006186668,0
0.098224872,0.007085879,3.14E-05
0.001756342,0.174207953,6.63E-06
0,0.173846323,0
0.003969397,0.186815049,1.13E-05
0,0.190371471,0
0.008577276,0.206057861,2.44E-05
0.008845909,0.214028076,2.52E-05
0,0.211594211,0
0,0.20623463,0
0.004711599,0.229988003,1.34E-05
0,0.225163689,0
0.01029425,0.2740866,3.12E-05
0.010397826,0.277973169,3.15E-05
0,0.275929757,0
0,0.275192001,0
0.00674167,0.262324055,2.04E-05
0,0.271976822,0
0.003056388,0.24365473,1.13E-05
0,0.243452421,0
0.010947921,0.308203098,3.32E-05
0,0.283628528,0
0.007186221,0.308728138,2.18E-05
0.010976363,0.309421849,3.33E-05
0,0.307311359,0
0,0.310010747,0
0.010361566,0.525725917,3.71E-05
0.010668578,0.529649963,3.82E-05
0,0.529788591,0
0,0.526472975,0
0.010008516,0.534950967,3.59E-05
0,0.534279735,0
0,0.562295132,0
0.005642515,0.562292523,1.64E-05
0,0.585044231,0
0.003117644,0.583767205,9.04E-06
0.001838695,0.593739376,4.90E-06
0,0.593473875,0
2.80E-04,1.234256349,2.68E-07
0.001007372,1.233508147,2.85E-07
4.69E-04,1.233265044,7.68E-07
0,1.233393809,0
0,1.23454445,0
0.018120698,1.217381261,1.01E-06
0.024591554,1.217421102,3.40E-06
0.02368486,1.211676524,6.48E-06
0.028272457,1.233507514,9.60E-07
0.026453395,1.233508147,2.85E-07
0.002611569,1.203071258,4.28E-06
0.004607966,1.210763199,1.30E-06
0.006656212,1.197755125,5.90E-06
0,1.205604748,0
0.013336212,1.204500209,8.10E-06
0.027815435,1.214244883,1.02E-05
0.035936034,1.220748829,2.90E-06
0.038490641,1.207570108,1.28E-05
0.032784592,1.204741833,8.04E-06
8.43E-04,1.234144254,6.33E-07
7.79E-04,1.23454445,0
0.027702958,1.234144254,6.33E-07
0.027404734,1.23454445,0
0.028264524,1.234105239,1.30E-06
0.028247618,1.23454445,0
0.024761212,1.199192833,9.27E-06
0.026545413,1.185875432,1.86E-05
0.015378745,1.192508876,6.62E-06
0.033832079,1.194522161,2.69E-05
0.008368825,1.186483026,7.42E-06
0.022440137,1.180916936,2.02E-05
0.011784761,1.163773799,1.64E-05
0.011853576,1.1632994,1.65E-05
0.006265166,1.1420661,1.85E-05
0.00517754,1.159937936,1.53E-05
0,1.160316696,0
0,1.145662064,0
0.012182065,1.163459543,1.64E-05
0.01234147,1.163764958,1.64E-05
0.029044614,1.180834812,2.02E-05
0.040456194,1.193315094,2.76E-05
0.031276765,1.184825184,1.89E-05
0.0413189,1.179504538,4.55E-05
0.1,0.035178628,0
0.0952802,0.038695939,8.34E-05
0.1,0.075062169,0
0.098887567,0.07625642,1.97E-05
0.1,0.078476313,0
0.099387795,0.078859347,1.13E-05
0.1,0.080768043,0
0.099345981,0.081007807,1.20E-05
0.006930263,0.448738053,2.57E-05
0.00747674,0.462167675,2.77E-05
0,0.462280356,0
0,0.448912055,0
0.008406289,0.484292929,3.09E-05
0,0.484579735,0
0.009024069,0.493615239,3.32E-05
0,0.493705777,0
0.010476824,0.34039815,2.95E-05
0,0.33838507,0
0,0.345608441,0
0.010259363,0.343315651,2.89E-05
0.009255942,0.37092959,2.61E-05
0,0.369240101,0
0,0.378746873,0
0.008180314,0.401469234,2.28E-05
0,0.399804218,0
0.009036474,0.376836794,2.55E-05
0.007109181,0.432836171,1.92E-05
0,0.431384875,0
0,0.413594201,0
0.007674969,0.411820444,2.14E-05
0.011405893,0.62988776,4.15E-05
0.011016426,0.632970359,4.01E-05
0,0.632438012,0
0,0.630082489,0
0.011184743,0.627527097,4.07E-05
0,0.628278288,0
0,0.662009894,0
0.005343514,0.661988339,1.59E-05
0,0.927713991,0
0.008414682,0.948414869,2.63E-05
0,0.946115135,0
0.0075405,0.925944579,2.42E-05
0,0.959983789,0
0.008850113,0.957876786,2.77E-05
0.00217788,1.197825836,6.14E-06
0,1.198665573,0
0.003456343,1.172149938,9.75E-06
0,1.174409027,0
0.007157893,0.983267029,2.39E-05
0,0.981497583,0
0,0.991630415,0
0.008395977,1.018721725,2.76E-05
0,1.016888465,0
0.007375126,0.9897307,2.47E-05
0,1.023135038,0
0.008457564,1.020699211,2.78E-05
0.006986205,1.124549228,2.20E-05
0,1.124281938,0
0.007724207,1.111236024,2.43E-05
0,1.114862128,0
0.010772448,1.050548778,3.43E-05
0.010589999,1.054264744,3.37E-05
0.003687344,1.0530084,1.18E-05
0.007210809,1.039397546,2.30E-05
0,1.052354178,0
0.009441918,1.081496402,3.02E-05
0.009022044,1.089376462,2.88E-05
0,1.088292176,0
0,1.085376455,0
0.002125262,1.058900639,6.79E-06
0,1.066919343,0
0.088638249,1.222855629,6.08E-05
0.089817205,1.21887765,5.45E-05
0.1,1.233198029,0
0.1,1.23454445,0
0.074125701,1.23454445,0
0.098522548,1.23454445,0
0.084569103,1.224394362,5.28E-05
0.072691715,1.226676353,6.57E-05
0.1,0.09742201,0
0.087784504,0.090941604,1.81E-04
0.1,0.133197721,0
0.088166474,0.137119732,1.66E-04
0.1,0.191305212,0
0.099333837,0.191546096,1.21E-05
0.1,0.175473843,0
0.096444212,0.179568847,4.99E-05
0.1,0.19403212,0
0.099145787,0.19419763,1.42E-05
0.1,0.242635134,0
0.099618579,0.242739165,6.34E-06
0.1,0.243872388,0
0.099755149,0.24390611,4.24E-06
0.1,0.286568712,0
0.092011728,0.271341289,7.74E-05
0.006429382,0.895167413,2.49E-05
0.005992704,0.910926883,2.32E-05
0,0.91104895,0
0,0.895353953,0
0.011659217,0.729698206,4.14E-05
0.011360079,0.732212781,4.04E-05
0,0.731253249,0
0,0.729930113,0
0.011403538,0.727388457,4.05E-05
0,0.728711393,0
0,0.766102556,0
0.002424338,0.775578977,7.53E-06
0,0.774518753,0
0.002107949,0.765781669,5.83E-06
0,0.796485876,0
0.004531096,0.796384976,1.41E-05
0,0.686130413,0
0.002728722,0.685011282,8.14E-06
0.002669489,0.693415536,7.92E-06
0,0.693048367,0
0.1,0.543570062,0
0.099729961,0.54230476,4.20E-06
0.1,0.542299592,0
0.09965322,0.543571733,4.69E-06
0.1,0.598763082,0
0.09907334,0.5987692,1.25E-05
0.1,0.60227311,0
0.098917768,0.602269549,1.34E-05
0,1.05422241,0
0.094847609,1.197835957,4.34E-05
0.1,1.201543943,0
0.096065464,1.166332224,3.31E-05
0.1,1.17018841,0
0.1,0.13967204,0
0.088182305,0.145073228,1.66E-04
0.1,0.302355657,0
0.085436304,0.303987529,1.25E-04
0.1,0.507518508,0
0.091163741,0.509921231,6.73E-05
0.1,0.362490857,0
0.099613347,0.362533849,6.22E-06
0.1,0.316193457,0
0.091132718,0.328139265,7.62E-05
0.1,0.364128939,0
0.09970355,0.364143534,4.89E-06
0.1,0.473985311,0
0.099235282,0.427480483,1.11E-05
0.1,0.427458059,0
0.096652363,0.473338265,2.52E-05
0.1,0.424260245,0
0.099418362,0.424299941,9.58E-06
0.1,0.302821579,0
0.085418062,0.305061913,1.25E-04
0.1,0.48669002,0
0.085202338,0.487174766,1.13E-04
0.006937465,0.874922927,2.63E-05
0,0.874948829,0
0.007439852,0.861845155,2.82E-05
0,0.862072121,0
0.010081043,0.828730852,3.71E-05
0.0093043,0.821924164,3.42E-05
0,0.828975631,0
0,0.82298111,0
0.009399433,0.834486217,3.46E-05
0,0.834009464,0
0.088455942,0.650019276,9.12E-05
0.1,0.650087956,0
0.089008022,0.663671119,8.68E-05
0.1,0.663719281,0
0.085081773,0.960216387,1.38E-04
0.085109187,0.960909418,1.38E-04
0.1,0.962824723,0
0.1,0.962891635,0
0.086062224,0.956507383,1.29E-04
0.1,0.962424324,0
0.087602015,1.006297859,1.13E-04
0.088051743,1.015894628,1.09E-04
0.1,1.009268164,0
0.1,1.018080418,0
0.090341836,1.055954198,8.57E-05
0.091616452,1.077694998,7.44E-05
0.1,1.059208129,0
0.1,1.079799957,0
0.093562371,1.106525052,5.68E-05
0.096513042,1.145997158,3.08E-05
0.1,1.109486032,0
0.1,1.147147761,0
0.097505794,1.156735209,2.29E-05
0.1,1.158179631,0
0.1,0.485947686,0
0.085188218,0.486306644,1.13E-04
0.091167365,0.697996168,7.43E-05
0.092090696,0.723226453,6.65E-05
0.1,0.698148206,0
0.1,0.723328873,0
0.096796818,0.859376417,3.21E-05
0.09745102,0.904156045,2.56E-05
0.1,0.859653012,0
0.1,0.904321588,0
0.097728055,0.91235789,2.35E-05
0.1,0.912639453,0
0.096702121,0.847105668,3.35E-05
0.1,0.84724539,0
0.09495756,0.804653738,5.12E-05
0.1,0.804936024,0
0.094514199,0.784722106,5.38E-05
0.1,0.784863144,0
0.09350588,0.750144377,6.37E-05
0.1,0.750360689,0
0.05,-6.94E-17,0
0.054056257,-6.94E-17,0
0.049519856,1.23454445,0
0.050116366,1.23454445,0
0.051115553,1.23454445,0
